<?xml version="1.0" encoding="UTF-8"?>
<metadata xml:lang="it"><Esri><CreaDate>20200325</CreaDate><CreaTime>09005300</CreaTime><ArcGISFormat>1.0</ArcGISFormat><SyncOnce>TRUE</SyncOnce><DataProperties><lineage><Process ToolSource="c:\program files (x86)\arcgis\desktop10.5\ArcToolbox\Toolboxes\Data Management Tools.tbx\CreateRandomPoints" Date="20200325" Time="090053">CreateRandomPoints "C:\Users\Utente\Google Drive\COVID19" d24032020 ProvCM01012019_WGS84 "0 0 250 250" coronavirus_province.24mar2020 "0 Meters" POINT 0</Process></lineage></DataProperties></Esri></metadata>
